"Year","State","State ANSI","Totals","Process Market","Fresh Market","Metric","Value","CV (%)"
2021,"ALASKA","02","OPERATIONS WITH SALES","","","",2,"(H)"
2021,"ALASKA","02","PRODUCTION","","","CWT",NA,"(D)"
2021,"ALASKA","02","SALES","","","$",NA,"(D)"
2021,"ALASKA","02","SALES","","","CWT",NA,"(D)"
2021,"ALASKA","02","","","OPERATIONS WITH SALES","",2,"(H)"
2021,"ALASKA","02","","","SALES","$",NA,"(D)"
2021,"ALASKA","02","","","SALES","CWT",NA,"(D)"
2021,"CALIFORNIA","06","OPERATIONS WITH SALES","","","",142,"19.2"
2021,"CALIFORNIA","06","PRODUCTION","","","CWT",NA,"51.6"
2021,"CALIFORNIA","06","SALES","","","$",NA,"46.0"
2021,"CALIFORNIA","06","SALES","","","CWT",NA,"51.7"
2021,"CALIFORNIA","06","","","OPERATIONS WITH SALES","",141,"20.4"
2021,"CALIFORNIA","06","","","SALES","$",NA,"(D)"
2021,"CALIFORNIA","06","","","SALES","CWT",NA,"50.6"
2021,"CALIFORNIA","06","","OPERATIONS WITH SALES","","",7,"60.0"
2021,"CALIFORNIA","06","","SALES","","$",NA,"(D)"
2021,"CALIFORNIA","06","","SALES","","CWT",NA,"(H)"
2021,"CONNECTICUT","09","OPERATIONS WITH SALES","","","",8,"74.4"
2021,"CONNECTICUT","09","PRODUCTION","","","CWT",183,"(H)"
2021,"CONNECTICUT","09","SALES","","","$",NA,"(H)"
2021,"CONNECTICUT","09","SALES","","","CWT",183,"(H)"
2021,"CONNECTICUT","09","","","OPERATIONS WITH SALES","",8,"74.4"
2021,"CONNECTICUT","09","","","SALES","$",NA,"(H)"
2021,"CONNECTICUT","09","","","SALES","CWT",183,"(H)"
2021,"FLORIDA","12","OPERATIONS WITH SALES","","","",10,"57.3"
2021,"FLORIDA","12","PRODUCTION","","","CWT",NA,"(H)"
2021,"FLORIDA","12","SALES","","","$",NA,"(H)"
2021,"FLORIDA","12","SALES","","","CWT",NA,"(H)"
2021,"FLORIDA","12","","","OPERATIONS WITH SALES","",10,"57.3"
2021,"FLORIDA","12","","","SALES","$",NA,"(H)"
2021,"FLORIDA","12","","","SALES","CWT",NA,"(H)"
2021,"GEORGIA","13","OPERATIONS WITH SALES","","","",4,"80.4"
2021,"GEORGIA","13","PRODUCTION","","","CWT",19,"78.0"
2021,"GEORGIA","13","SALES","","","$",NA,"77.8"
2021,"GEORGIA","13","SALES","","","CWT",19,"78.0"
2021,"GEORGIA","13","","","OPERATIONS WITH SALES","",4,"80.4"
2021,"GEORGIA","13","","","SALES","$",NA,"77.8"
2021,"GEORGIA","13","","","SALES","CWT",19,"78.0"
2021,"IDAHO","16","OPERATIONS WITH SALES","","","",6,"53.2"
2021,"IDAHO","16","PRODUCTION","","","CWT",111,"71.4"
2021,"IDAHO","16","SALES","","","$",NA,"74.1"
2021,"IDAHO","16","SALES","","","CWT",111,"71.4"
2021,"IDAHO","16","","","OPERATIONS WITH SALES","",6,"53.2"
2021,"IDAHO","16","","","SALES","$",NA,"74.1"
2021,"IDAHO","16","","","SALES","CWT",111,"71.4"
2021,"ILLINOIS","17","OPERATIONS WITH SALES","","","",5,"95.4"
2021,"ILLINOIS","17","PRODUCTION","","","CWT",53,"94.9"
2021,"ILLINOIS","17","SALES","","","$",NA,"95.0"
2021,"ILLINOIS","17","SALES","","","CWT",53,"94.9"
2021,"ILLINOIS","17","","","OPERATIONS WITH SALES","",5,"95.4"
2021,"ILLINOIS","17","","","SALES","$",NA,"95.0"
2021,"ILLINOIS","17","","","SALES","CWT",53,"94.9"
2021,"INDIANA","18","OPERATIONS WITH SALES","","","",2,"(H)"
2021,"INDIANA","18","PRODUCTION","","","CWT",NA,"(D)"
2021,"INDIANA","18","SALES","","","$",NA,"(D)"
2021,"INDIANA","18","SALES","","","CWT",NA,"(D)"
2021,"INDIANA","18","","","OPERATIONS WITH SALES","",2,"(H)"
2021,"INDIANA","18","","","SALES","$",NA,"(D)"
2021,"INDIANA","18","","","SALES","CWT",NA,"(D)"
2021,"IOWA","19","OPERATIONS WITH SALES","","","",6,"97.5"
2021,"IOWA","19","PRODUCTION","","","CWT",74,"96.4"
2021,"IOWA","19","SALES","","","$",NA,"(D)"
2021,"IOWA","19","SALES","","","CWT",74,"96.4"
2021,"IOWA","19","","","OPERATIONS WITH SALES","",6,"97.5"
2021,"IOWA","19","","","SALES","$",NA,"(D)"
2021,"IOWA","19","","","SALES","CWT",74,"96.4"
2021,"KENTUCKY","21","OPERATIONS WITH SALES","","","",12,"69.1"
2021,"KENTUCKY","21","PRODUCTION","","","CWT",62,"72.0"
2021,"KENTUCKY","21","SALES","","","$",NA,"72.0"
2021,"KENTUCKY","21","SALES","","","CWT",62,"72.0"
2021,"KENTUCKY","21","","","OPERATIONS WITH SALES","",12,"69.1"
2021,"KENTUCKY","21","","","SALES","$",NA,"72.0"
2021,"KENTUCKY","21","","","SALES","CWT",62,"72.0"
2021,"LOUISIANA","22","OPERATIONS WITH SALES","","","",2,"(H)"
2021,"LOUISIANA","22","PRODUCTION","","","CWT",NA,"(D)"
2021,"LOUISIANA","22","SALES","","","$",NA,"(D)"
2021,"LOUISIANA","22","SALES","","","CWT",NA,"(D)"
2021,"LOUISIANA","22","","","OPERATIONS WITH SALES","",2,"(H)"
2021,"LOUISIANA","22","","","SALES","$",NA,"(D)"
2021,"LOUISIANA","22","","","SALES","CWT",NA,"(D)"
2021,"MAINE","23","OPERATIONS WITH SALES","","","",16,"38.4"
2021,"MAINE","23","PRODUCTION","","","CWT",504,"(H)"
2021,"MAINE","23","SALES","","","$",NA,"(H)"
2021,"MAINE","23","SALES","","","CWT",504,"(H)"
2021,"MAINE","23","","","OPERATIONS WITH SALES","",16,"38.4"
2021,"MAINE","23","","","SALES","$",NA,"(H)"
2021,"MAINE","23","","","SALES","CWT",504,"(H)"
2021,"MARYLAND","24","OPERATIONS WITH SALES","","","",17,"31.1"
2021,"MARYLAND","24","PRODUCTION","","","CWT",127,"35.4"
2021,"MARYLAND","24","SALES","","","$",NA,"42.8"
2021,"MARYLAND","24","SALES","","","CWT",127,"35.4"
2021,"MARYLAND","24","","","OPERATIONS WITH SALES","",17,"31.1"
2021,"MARYLAND","24","","","SALES","$",NA,"(D)"
2021,"MARYLAND","24","","","SALES","CWT",NA,"(D)"
2021,"MARYLAND","24","","OPERATIONS WITH SALES","","",2,"(H)"
2021,"MARYLAND","24","","SALES","","$",NA,"(D)"
2021,"MARYLAND","24","","SALES","","CWT",NA,"(D)"
2021,"MASSACHUSETTS","25","OPERATIONS WITH SALES","","","",12,"79.2"
2021,"MASSACHUSETTS","25","PRODUCTION","","","CWT",251,"76.5"
2021,"MASSACHUSETTS","25","SALES","","","$",NA,"80.1"
2021,"MASSACHUSETTS","25","SALES","","","CWT",251,"76.5"
2021,"MASSACHUSETTS","25","","","OPERATIONS WITH SALES","",12,"79.2"
2021,"MASSACHUSETTS","25","","","SALES","$",NA,"80.1"
2021,"MASSACHUSETTS","25","","","SALES","CWT",251,"76.5"
2021,"MICHIGAN","26","OPERATIONS WITH SALES","","","",26,"32.5"
2021,"MICHIGAN","26","PRODUCTION","","","CWT",564,"43.9"
2021,"MICHIGAN","26","SALES","","","$",NA,"44.1"
2021,"MICHIGAN","26","SALES","","","CWT",564,"43.9"
2021,"MICHIGAN","26","","","OPERATIONS WITH SALES","",26,"32.5"
2021,"MICHIGAN","26","","","SALES","$",NA,"44.1"
2021,"MICHIGAN","26","","","SALES","CWT",564,"43.9"
2021,"MINNESOTA","27","OPERATIONS WITH SALES","","","",21,"39.5"
2021,"MINNESOTA","27","PRODUCTION","","","CWT",749,"54.0"
2021,"MINNESOTA","27","SALES","","","$",NA,"62.4"
2021,"MINNESOTA","27","SALES","","","CWT",749,"54.0"
2021,"MINNESOTA","27","","","OPERATIONS WITH SALES","",18,"43.6"
2021,"MINNESOTA","27","","","SALES","$",NA,"(D)"
2021,"MINNESOTA","27","","","SALES","CWT",659,"62.9"
2021,"MINNESOTA","27","","OPERATIONS WITH SALES","","",3,"95.4"
2021,"MINNESOTA","27","","SALES","","$",NA,"(D)"
2021,"MINNESOTA","27","","SALES","","CWT",90,"95.4"
2021,"MONTANA","30","OPERATIONS WITH SALES","","","",11,"43.6"
2021,"MONTANA","30","PRODUCTION","","","CWT",96,"73.5"
2021,"MONTANA","30","SALES","","","$",NA,"74.8"
2021,"MONTANA","30","SALES","","","CWT",96,"73.5"
2021,"MONTANA","30","","","OPERATIONS WITH SALES","",11,"43.6"
2021,"MONTANA","30","","","SALES","$",NA,"74.8"
2021,"MONTANA","30","","","SALES","CWT",96,"73.5"
2021,"NEBRASKA","31","OPERATIONS WITH SALES","","","",1,"(H)"
2021,"NEBRASKA","31","PRODUCTION","","","CWT",NA,"(D)"
2021,"NEBRASKA","31","SALES","","","$",NA,"(D)"
2021,"NEBRASKA","31","SALES","","","CWT",NA,"(D)"
2021,"NEBRASKA","31","","","OPERATIONS WITH SALES","",1,"(H)"
2021,"NEBRASKA","31","","","SALES","$",NA,"(D)"
2021,"NEBRASKA","31","","","SALES","CWT",NA,"(D)"
2021,"NEW HAMPSHIRE","33","OPERATIONS WITH SALES","","","",9,"58.7"
2021,"NEW HAMPSHIRE","33","PRODUCTION","","","CWT",132,"(H)"
2021,"NEW HAMPSHIRE","33","SALES","","","$",NA,"(H)"
2021,"NEW HAMPSHIRE","33","SALES","","","CWT",132,"(H)"
2021,"NEW HAMPSHIRE","33","","","OPERATIONS WITH SALES","",9,"58.7"
2021,"NEW HAMPSHIRE","33","","","SALES","$",NA,"(H)"
2021,"NEW HAMPSHIRE","33","","","SALES","CWT",132,"(H)"
2021,"NEW JERSEY","34","OPERATIONS WITH SALES","","","",3,"(H)"
2021,"NEW JERSEY","34","PRODUCTION","","","CWT",NA,"(D)"
2021,"NEW JERSEY","34","SALES","","","$",NA,"(H)"
2021,"NEW JERSEY","34","SALES","","","CWT",NA,"(D)"
2021,"NEW JERSEY","34","","","OPERATIONS WITH SALES","",3,"(H)"
2021,"NEW JERSEY","34","","","SALES","$",NA,"(H)"
2021,"NEW JERSEY","34","","","SALES","CWT",NA,"(D)"
2021,"NEW YORK","36","OPERATIONS WITH SALES","","","",45,"26.4"
2021,"NEW YORK","36","PRODUCTION","","","CWT",NA,"32.6"
2021,"NEW YORK","36","SALES","","","$",NA,"44.5"
2021,"NEW YORK","36","SALES","","","CWT",NA,"32.6"
2021,"NEW YORK","36","","","OPERATIONS WITH SALES","",43,"25.3"
2021,"NEW YORK","36","","","SALES","$",NA,"(D)"
2021,"NEW YORK","36","","","SALES","CWT",NA,"(D)"
2021,"NEW YORK","36","","OPERATIONS WITH SALES","","",2,"94.9"
2021,"NEW YORK","36","","SALES","","$",NA,"(D)"
2021,"NEW YORK","36","","SALES","","CWT",NA,"(D)"
2021,"NORTH CAROLINA","37","OPERATIONS WITH SALES","","","",4,"68.3"
2021,"NORTH CAROLINA","37","PRODUCTION","","","CWT",734,"89.2"
2021,"NORTH CAROLINA","37","SALES","","","$",NA,"(H)"
2021,"NORTH CAROLINA","37","SALES","","","CWT",734,"89.2"
2021,"NORTH CAROLINA","37","","","OPERATIONS WITH SALES","",4,"68.3"
2021,"NORTH CAROLINA","37","","","SALES","$",NA,"(H)"
2021,"NORTH CAROLINA","37","","","SALES","CWT",734,"89.2"
2021,"OHIO","39","OPERATIONS WITH SALES","","","",9,"72.1"
2021,"OHIO","39","PRODUCTION","","","CWT",360,"68.4"
2021,"OHIO","39","SALES","","","$",NA,"69.2"
2021,"OHIO","39","SALES","","","CWT",360,"68.4"
2021,"OHIO","39","","","OPERATIONS WITH SALES","",9,"72.1"
2021,"OHIO","39","","","SALES","$",NA,"69.2"
2021,"OHIO","39","","","SALES","CWT",360,"68.4"
2021,"OKLAHOMA","40","OPERATIONS WITH SALES","","","",4,"70.4"
2021,"OKLAHOMA","40","PRODUCTION","","","CWT",NA,"69.9"
2021,"OKLAHOMA","40","SALES","","","$",NA,"(D)"
2021,"OKLAHOMA","40","SALES","","","CWT",NA,"69.9"
2021,"OKLAHOMA","40","","","OPERATIONS WITH SALES","",4,"70.4"
2021,"OKLAHOMA","40","","","SALES","$",NA,"(D)"
2021,"OKLAHOMA","40","","","SALES","CWT",NA,"69.9"
2021,"OREGON","41","OPERATIONS WITH SALES","","","",26,"54.2"
2021,"OREGON","41","PRODUCTION","","","CWT",NA,"84.2"
2021,"OREGON","41","SALES","","","$",NA,"(H)"
2021,"OREGON","41","SALES","","","CWT",NA,"84.2"
2021,"OREGON","41","","","OPERATIONS WITH SALES","",26,"54.2"
2021,"OREGON","41","","","SALES","$",NA,"(H)"
2021,"OREGON","41","","","SALES","CWT",NA,"84.2"
2021,"PENNSYLVANIA","42","OPERATIONS WITH SALES","","","",27,"48.1"
2021,"PENNSYLVANIA","42","PRODUCTION","","","CWT",522,"49.0"
2021,"PENNSYLVANIA","42","SALES","","","$",NA,"43.7"
2021,"PENNSYLVANIA","42","SALES","","","CWT",522,"49.0"
2021,"PENNSYLVANIA","42","","","OPERATIONS WITH SALES","",27,"48.1"
2021,"PENNSYLVANIA","42","","","SALES","$",NA,"43.7"
2021,"PENNSYLVANIA","42","","","SALES","CWT",522,"49.0"
2021,"RHODE ISLAND","44","OPERATIONS WITH SALES","","","",2,"(H)"
2021,"RHODE ISLAND","44","PRODUCTION","","","CWT",NA,"(D)"
2021,"RHODE ISLAND","44","SALES","","","$",NA,"(D)"
2021,"RHODE ISLAND","44","SALES","","","CWT",NA,"(D)"
2021,"RHODE ISLAND","44","","","OPERATIONS WITH SALES","",2,"(H)"
2021,"RHODE ISLAND","44","","","SALES","$",NA,"(D)"
2021,"RHODE ISLAND","44","","","SALES","CWT",NA,"(D)"
2021,"SOUTH CAROLINA","45","OPERATIONS WITH SALES","","","",2,"(H)"
2021,"SOUTH CAROLINA","45","PRODUCTION","","","CWT",NA,"(D)"
2021,"SOUTH CAROLINA","45","SALES","","","$",NA,"(D)"
2021,"SOUTH CAROLINA","45","SALES","","","CWT",NA,"(D)"
2021,"SOUTH CAROLINA","45","","","OPERATIONS WITH SALES","",2,"(H)"
2021,"SOUTH CAROLINA","45","","","SALES","$",NA,"(D)"
2021,"SOUTH CAROLINA","45","","","SALES","CWT",NA,"(D)"
2021,"SOUTH DAKOTA","46","OPERATIONS WITH SALES","","","",1,"(H)"
2021,"SOUTH DAKOTA","46","PRODUCTION","","","CWT",NA,"(D)"
2021,"SOUTH DAKOTA","46","SALES","","","$",NA,"(D)"
2021,"SOUTH DAKOTA","46","SALES","","","CWT",NA,"(D)"
2021,"SOUTH DAKOTA","46","","","OPERATIONS WITH SALES","",1,"(H)"
2021,"SOUTH DAKOTA","46","","","SALES","$",NA,"(D)"
2021,"SOUTH DAKOTA","46","","","SALES","CWT",NA,"(D)"
2021,"TENNESSEE","47","OPERATIONS WITH SALES","","","",1,"(H)"
2021,"TENNESSEE","47","PRODUCTION","","","CWT",NA,"(D)"
2021,"TENNESSEE","47","SALES","","","$",NA,"(D)"
2021,"TENNESSEE","47","SALES","","","CWT",NA,"(D)"
2021,"TENNESSEE","47","","","OPERATIONS WITH SALES","",1,"(H)"
2021,"TENNESSEE","47","","","SALES","$",NA,"(D)"
2021,"TENNESSEE","47","","","SALES","CWT",NA,"(D)"
2021,"VERMONT","50","OPERATIONS WITH SALES","","","",31,"38.8"
2021,"VERMONT","50","PRODUCTION","","","CWT",NA,"39.1"
2021,"VERMONT","50","SALES","","","$",NA,"49.7"
2021,"VERMONT","50","SALES","","","CWT",NA,"39.1"
2021,"VERMONT","50","","","OPERATIONS WITH SALES","",31,"38.8"
2021,"VERMONT","50","","","SALES","$",NA,"49.7"
2021,"VERMONT","50","","","SALES","CWT",NA,"39.1"
2021,"WASHINGTON","53","OPERATIONS WITH SALES","","","",49,"25.1"
2021,"WASHINGTON","53","PRODUCTION","","","CWT",NA,"53.4"
2021,"WASHINGTON","53","SALES","","","$",NA,"54.0"
2021,"WASHINGTON","53","SALES","","","CWT",NA,"53.4"
2021,"WASHINGTON","53","","","OPERATIONS WITH SALES","",49,"25.1"
2021,"WASHINGTON","53","","","SALES","$",NA,"53.8"
2021,"WASHINGTON","53","","","SALES","CWT",NA,"54.0"
2021,"WASHINGTON","53","","OPERATIONS WITH SALES","","",4,"73.0"
2021,"WASHINGTON","53","","SALES","","$",NA,"93.9"
2021,"WASHINGTON","53","","SALES","","CWT",80,"82.3"
2021,"WEST VIRGINIA","54","OPERATIONS WITH SALES","","","",2,"(H)"
2021,"WEST VIRGINIA","54","PRODUCTION","","","CWT",NA,"(D)"
2021,"WEST VIRGINIA","54","SALES","","","$",NA,"(D)"
2021,"WEST VIRGINIA","54","SALES","","","CWT",NA,"(D)"
2021,"WEST VIRGINIA","54","","","OPERATIONS WITH SALES","",2,"(H)"
2021,"WEST VIRGINIA","54","","","SALES","$",NA,"(D)"
2021,"WEST VIRGINIA","54","","","SALES","CWT",NA,"(D)"
2021,"WISCONSIN","55","OPERATIONS WITH SALES","","","",28,"31.3"
2021,"WISCONSIN","55","PRODUCTION","","","CWT",426,"82.8"
2021,"WISCONSIN","55","SALES","","","$",NA,"76.4"
2021,"WISCONSIN","55","SALES","","","CWT",426,"82.8"
2021,"WISCONSIN","55","","","OPERATIONS WITH SALES","",28,"31.3"
2021,"WISCONSIN","55","","","SALES","$",NA,"76.4"
2021,"WISCONSIN","55","","","SALES","CWT",426,"82.8"
2019,"ALABAMA","01","OPERATIONS WITH SALES","","","",2,"30.4"
2019,"ALABAMA","01","PRODUCTION","","","CWT",NA,"(D)"
2019,"ALABAMA","01","SALES","","","$",NA,"(D)"
2019,"ALABAMA","01","SALES","","","CWT",NA,"(D)"
2019,"ALABAMA","01","","","OPERATIONS WITH SALES","",2,"30.4"
2019,"ALABAMA","01","","","SALES","$",NA,"(D)"
2019,"ALABAMA","01","","","SALES","CWT",NA,"(D)"
2019,"ALABAMA","01","","OPERATIONS WITH SALES","","",2,"(H)"
2019,"ALABAMA","01","","SALES","","$",NA,"(D)"
2019,"ALABAMA","01","","SALES","","CWT",NA,"(D)"
2019,"ARIZONA","04","OPERATIONS WITH SALES","","","",2,"(H)"
2019,"ARIZONA","04","PRODUCTION","","","CWT",NA,"(D)"
2019,"ARIZONA","04","SALES","","","$",NA,"(D)"
2019,"ARIZONA","04","SALES","","","CWT",NA,"(D)"
2019,"ARIZONA","04","","","OPERATIONS WITH SALES","",2,"(H)"
2019,"ARIZONA","04","","","SALES","$",NA,"(D)"
2019,"ARIZONA","04","","","SALES","CWT",NA,"(D)"
2019,"CALIFORNIA","06","OPERATIONS WITH SALES","","","",174,"8.0"
2019,"CALIFORNIA","06","PRODUCTION","","","CWT",NA,"30.4"
2019,"CALIFORNIA","06","SALES","","","$",NA,"33.1"
2019,"CALIFORNIA","06","SALES","","","CWT",NA,"30.4"
2019,"CALIFORNIA","06","","","OPERATIONS WITH SALES","",170,"8.0"
2019,"CALIFORNIA","06","","","SALES","$",NA,"35.5"
2019,"CALIFORNIA","06","","","SALES","CWT",NA,"33.7"
2019,"CALIFORNIA","06","","OPERATIONS WITH SALES","","",15,"39.7"
2019,"CALIFORNIA","06","","SALES","","$",NA,"68.3"
2019,"CALIFORNIA","06","","SALES","","CWT",NA,"49.3"
2019,"COLORADO","08","OPERATIONS WITH SALES","","","",4,"47.2"
2019,"COLORADO","08","PRODUCTION","","","CWT",62,"52.1"
2019,"COLORADO","08","SALES","","","$",NA,"59.1"
2019,"COLORADO","08","SALES","","","CWT",62,"52.1"
2019,"COLORADO","08","","","OPERATIONS WITH SALES","",4,"47.2"
2019,"COLORADO","08","","","SALES","$",NA,"59.1"
2019,"COLORADO","08","","","SALES","CWT",62,"52.1"
2019,"CONNECTICUT","09","OPERATIONS WITH SALES","","","",11,"15.7"
2019,"CONNECTICUT","09","PRODUCTION","","","CWT",181,"33.3"
2019,"CONNECTICUT","09","SALES","","","$",NA,"35.4"
2019,"CONNECTICUT","09","SALES","","","CWT",177,"33.4"
2019,"CONNECTICUT","09","","","OPERATIONS WITH SALES","",11,"15.7"
2019,"CONNECTICUT","09","","","SALES","$",NA,"36.0"
2019,"CONNECTICUT","09","","","SALES","CWT",177,"33.8"
2019,"FLORIDA","12","OPERATIONS WITH SALES","","","",14,"30.4"
2019,"FLORIDA","12","PRODUCTION","","","CWT",NA,"76.3"
2019,"FLORIDA","12","SALES","","","$",NA,"83.4"
2019,"FLORIDA","12","SALES","","","CWT",NA,"76.3"
2019,"FLORIDA","12","","","OPERATIONS WITH SALES","",14,"30.4"
2019,"FLORIDA","12","","","SALES","$",NA,"83.4"
2019,"FLORIDA","12","","","SALES","CWT",NA,"76.3"
2019,"GEORGIA","13","OPERATIONS WITH SALES","","","",8,"30.4"
2019,"GEORGIA","13","PRODUCTION","","","CWT",NA,"76.3"
2019,"GEORGIA","13","SALES","","","$",NA,"(D)"
2019,"GEORGIA","13","SALES","","","CWT",NA,"76.3"
2019,"GEORGIA","13","","","OPERATIONS WITH SALES","",8,"30.4"
2019,"GEORGIA","13","","","SALES","$",NA,"(D)"
2019,"GEORGIA","13","","","SALES","CWT",NA,"76.3"
2019,"IDAHO","16","OPERATIONS WITH SALES","","","",6,"42.5"
2019,"IDAHO","16","PRODUCTION","","","CWT",100,"(H)"
2019,"IDAHO","16","SALES","","","$",NA,"(H)"
2019,"IDAHO","16","SALES","","","CWT",100,"(H)"
2019,"IDAHO","16","","","OPERATIONS WITH SALES","",6,"39.8"
2019,"IDAHO","16","","","SALES","$",NA,"59.6"
2019,"IDAHO","16","","","SALES","CWT",100,"38.9"
2019,"ILLINOIS","17","OPERATIONS WITH SALES","","","",2,"24.6"
2019,"ILLINOIS","17","PRODUCTION","","","CWT",NA,"(D)"
2019,"ILLINOIS","17","SALES","","","$",NA,"(D)"
2019,"ILLINOIS","17","SALES","","","CWT",NA,"(D)"
2019,"ILLINOIS","17","","","OPERATIONS WITH SALES","",2,"24.6"
2019,"ILLINOIS","17","","","SALES","$",NA,"(D)"
2019,"ILLINOIS","17","","","SALES","CWT",NA,"(D)"
2019,"INDIANA","18","OPERATIONS WITH SALES","","","",5,"24.6"
2019,"INDIANA","18","PRODUCTION","","","CWT",288,"56.2"
2019,"INDIANA","18","SALES","","","$",NA,"59.9"
2019,"INDIANA","18","SALES","","","CWT",288,"56.2"
2019,"INDIANA","18","","","OPERATIONS WITH SALES","",5,"24.6"
2019,"INDIANA","18","","","SALES","$",NA,"59.9"
2019,"INDIANA","18","","","SALES","CWT",288,"56.2"
2019,"IOWA","19","OPERATIONS WITH SALES","","","",8,"38.0"
2019,"IOWA","19","PRODUCTION","","","CWT",70,"59.2"
2019,"IOWA","19","SALES","","","$",NA,"66.6"
2019,"IOWA","19","SALES","","","CWT",70,"59.2"
2019,"IOWA","19","","","OPERATIONS WITH SALES","",8,"38.0"
2019,"IOWA","19","","","SALES","$",NA,"66.6"
2019,"IOWA","19","","","SALES","CWT",70,"59.2"
2019,"KANSAS","20","OPERATIONS WITH SALES","","","",1,"69.8"
2019,"KANSAS","20","PRODUCTION","","","CWT",NA,"(D)"
2019,"KANSAS","20","SALES","","","$",NA,"(D)"
2019,"KANSAS","20","SALES","","","CWT",NA,"(D)"
2019,"KANSAS","20","","","OPERATIONS WITH SALES","",1,"69.8"
2019,"KANSAS","20","","","SALES","$",NA,"(D)"
2019,"KANSAS","20","","","SALES","CWT",NA,"(D)"
2019,"KENTUCKY","21","OPERATIONS WITH SALES","","","",4,"43.9"
2019,"KENTUCKY","21","PRODUCTION","","","CWT",40,"94.1"
2019,"KENTUCKY","21","SALES","","","$",NA,"75.2"
2019,"KENTUCKY","21","SALES","","","CWT",40,"94.1"
2019,"KENTUCKY","21","","","OPERATIONS WITH SALES","",4,"43.9"
2019,"KENTUCKY","21","","","SALES","$",NA,"75.2"
2019,"KENTUCKY","21","","","SALES","CWT",40,"94.1"
2019,"LOUISIANA","22","OPERATIONS WITH SALES","","","",1,"30.4"
2019,"LOUISIANA","22","PRODUCTION","","","CWT",NA,"(D)"
2019,"LOUISIANA","22","SALES","","","$",NA,"(D)"
2019,"LOUISIANA","22","SALES","","","CWT",NA,"(D)"
2019,"LOUISIANA","22","","","OPERATIONS WITH SALES","",1,"30.4"
2019,"LOUISIANA","22","","","SALES","$",NA,"(D)"
2019,"LOUISIANA","22","","","SALES","CWT",NA,"(D)"
2019,"MAINE","23","OPERATIONS WITH SALES","","","",19,"15.7"
2019,"MAINE","23","PRODUCTION","","","CWT",168,"33.3"
2019,"MAINE","23","SALES","","","$",NA,"35.4"
2019,"MAINE","23","SALES","","","CWT",168,"33.4"
2019,"MAINE","23","","","OPERATIONS WITH SALES","",19,"15.7"
2019,"MAINE","23","","","SALES","$",NA,"36.0"
2019,"MAINE","23","","","SALES","CWT",168,"33.8"
2019,"MARYLAND","24","OPERATIONS WITH SALES","","","",13,"15.7"
2019,"MARYLAND","24","PRODUCTION","","","CWT",158,"33.3"
2019,"MARYLAND","24","SALES","","","$",NA,"35.4"
2019,"MARYLAND","24","SALES","","","CWT",158,"33.4"
2019,"MARYLAND","24","","","OPERATIONS WITH SALES","",13,"15.7"
2019,"MARYLAND","24","","","SALES","$",NA,"(D)"
2019,"MARYLAND","24","","","SALES","CWT",NA,"(D)"
2019,"MARYLAND","24","","OPERATIONS WITH SALES","","",2,"(H)"
2019,"MARYLAND","24","","SALES","","$",NA,"(D)"
2019,"MARYLAND","24","","SALES","","CWT",NA,"(D)"
2019,"MASSACHUSETTS","25","OPERATIONS WITH SALES","","","",14,"15.7"
2019,"MASSACHUSETTS","25","PRODUCTION","","","CWT",485,"33.3"
2019,"MASSACHUSETTS","25","SALES","","","$",NA,"35.4"
2019,"MASSACHUSETTS","25","SALES","","","CWT",485,"33.4"
2019,"MASSACHUSETTS","25","","","OPERATIONS WITH SALES","",14,"15.7"
2019,"MASSACHUSETTS","25","","","SALES","$",NA,"36.0"
2019,"MASSACHUSETTS","25","","","SALES","CWT",485,"33.8"
2019,"MICHIGAN","26","OPERATIONS WITH SALES","","","",30,"24.6"
2019,"MICHIGAN","26","PRODUCTION","","","CWT",435,"56.2"
2019,"MICHIGAN","26","SALES","","","$",NA,"(D)"
2019,"MICHIGAN","26","SALES","","","CWT",435,"56.2"
2019,"MICHIGAN","26","","","OPERATIONS WITH SALES","",30,"24.6"
2019,"MICHIGAN","26","","","SALES","$",NA,"(D)"
2019,"MICHIGAN","26","","","SALES","CWT",435,"56.2"
2019,"MINNESOTA","27","OPERATIONS WITH SALES","","","",13,"37.8"
2019,"MINNESOTA","27","PRODUCTION","","","CWT",73,"47.9"
2019,"MINNESOTA","27","SALES","","","$",NA,"55.0"
2019,"MINNESOTA","27","SALES","","","CWT",73,"47.9"
2019,"MINNESOTA","27","","","OPERATIONS WITH SALES","",13,"37.8"
2019,"MINNESOTA","27","","","SALES","$",NA,"55.0"
2019,"MINNESOTA","27","","","SALES","CWT",73,"47.9"
2019,"MISSOURI","29","OPERATIONS WITH SALES","","","",1,"24.6"
2019,"MISSOURI","29","PRODUCTION","","","CWT",NA,"(D)"
2019,"MISSOURI","29","SALES","","","$",NA,"(D)"
2019,"MISSOURI","29","SALES","","","CWT",NA,"(D)"
2019,"MISSOURI","29","","","OPERATIONS WITH SALES","",1,"24.6"
2019,"MISSOURI","29","","","SALES","$",NA,"(D)"
2019,"MISSOURI","29","","","SALES","CWT",NA,"(D)"
2019,"MONTANA","30","OPERATIONS WITH SALES","","","",4,"47.2"
2019,"MONTANA","30","PRODUCTION","","","CWT",39,"52.1"
2019,"MONTANA","30","SALES","","","$",NA,"59.1"
2019,"MONTANA","30","SALES","","","CWT",39,"52.1"
2019,"MONTANA","30","","","OPERATIONS WITH SALES","",4,"47.2"
2019,"MONTANA","30","","","SALES","$",NA,"59.1"
2019,"MONTANA","30","","","SALES","CWT",39,"52.1"
2019,"NEBRASKA","31","OPERATIONS WITH SALES","","","",2,"69.8"
2019,"NEBRASKA","31","PRODUCTION","","","CWT",NA,"(D)"
2019,"NEBRASKA","31","SALES","","","$",NA,"(D)"
2019,"NEBRASKA","31","SALES","","","CWT",NA,"(D)"
2019,"NEBRASKA","31","","","OPERATIONS WITH SALES","",2,"69.8"
2019,"NEBRASKA","31","","","SALES","$",NA,"(D)"
2019,"NEBRASKA","31","","","SALES","CWT",NA,"(D)"
2019,"NEVADA","32","OPERATIONS WITH SALES","","","",1,"47.2"
2019,"NEVADA","32","PRODUCTION","","","CWT",NA,"(D)"
2019,"NEVADA","32","SALES","","","$",NA,"(D)"
2019,"NEVADA","32","SALES","","","CWT",NA,"(D)"
2019,"NEVADA","32","","","OPERATIONS WITH SALES","",1,"47.2"
2019,"NEVADA","32","","","SALES","$",NA,"(D)"
2019,"NEVADA","32","","","SALES","CWT",NA,"(D)"
2019,"NEW HAMPSHIRE","33","OPERATIONS WITH SALES","","","",4,"15.7"
2019,"NEW HAMPSHIRE","33","PRODUCTION","","","CWT",NA,"(D)"
2019,"NEW HAMPSHIRE","33","SALES","","","$",NA,"35.4"
2019,"NEW HAMPSHIRE","33","SALES","","","CWT",NA,"(D)"
2019,"NEW HAMPSHIRE","33","","","OPERATIONS WITH SALES","",4,"15.7"
2019,"NEW HAMPSHIRE","33","","","SALES","$",NA,"36.0"
2019,"NEW HAMPSHIRE","33","","","SALES","CWT",NA,"(D)"
2019,"NEW JERSEY","34","OPERATIONS WITH SALES","","","",10,"15.7"
2019,"NEW JERSEY","34","PRODUCTION","","","CWT",208,"33.3"
2019,"NEW JERSEY","34","SALES","","","$",NA,"(D)"
2019,"NEW JERSEY","34","SALES","","","CWT",208,"33.4"
2019,"NEW JERSEY","34","","","OPERATIONS WITH SALES","",10,"15.7"
2019,"NEW JERSEY","34","","","SALES","$",NA,"(D)"
2019,"NEW JERSEY","34","","","SALES","CWT",208,"33.8"
2019,"NEW MEXICO","35","OPERATIONS WITH SALES","","","",1,"47.2"
2019,"NEW MEXICO","35","PRODUCTION","","","CWT",NA,"(D)"
2019,"NEW MEXICO","35","SALES","","","$",NA,"(D)"
2019,"NEW MEXICO","35","SALES","","","CWT",NA,"(D)"
2019,"NEW MEXICO","35","","","OPERATIONS WITH SALES","",1,"47.2"
2019,"NEW MEXICO","35","","","SALES","$",NA,"(D)"
2019,"NEW MEXICO","35","","","SALES","CWT",NA,"(D)"
2019,"NEW YORK","36","OPERATIONS WITH SALES","","","",36,"27.3"
2019,"NEW YORK","36","PRODUCTION","","","CWT",NA,"32.6"
2019,"NEW YORK","36","SALES","","","$",NA,"42.2"
2019,"NEW YORK","36","SALES","","","CWT",NA,"32.6"
2019,"NEW YORK","36","","","OPERATIONS WITH SALES","",34,"28.7"
2019,"NEW YORK","36","","","SALES","$",NA,"(D)"
2019,"NEW YORK","36","","","SALES","CWT",NA,"(D)"
2019,"NEW YORK","36","","OPERATIONS WITH SALES","","",2,"95.0"
2019,"NEW YORK","36","","SALES","","$",NA,"(D)"
2019,"NEW YORK","36","","SALES","","CWT",NA,"(D)"
2019,"NORTH CAROLINA","37","OPERATIONS WITH SALES","","","",7,"43.9"
2019,"NORTH CAROLINA","37","PRODUCTION","","","CWT",300,"94.1"
2019,"NORTH CAROLINA","37","SALES","","","$",NA,"75.2"
2019,"NORTH CAROLINA","37","SALES","","","CWT",300,"94.1"
2019,"NORTH CAROLINA","37","","","OPERATIONS WITH SALES","",7,"43.9"
2019,"NORTH CAROLINA","37","","","SALES","$",NA,"75.2"
2019,"NORTH CAROLINA","37","","","SALES","CWT",300,"94.1"
2019,"OHIO","39","OPERATIONS WITH SALES","","","",17,"50.7"
2019,"OHIO","39","PRODUCTION","","","CWT",315,"56.9"
2019,"OHIO","39","SALES","","","$",NA,"85.0"
2019,"OHIO","39","SALES","","","CWT",315,"56.9"
2019,"OHIO","39","","","OPERATIONS WITH SALES","",17,"50.7"
2019,"OHIO","39","","","SALES","$",NA,"85.0"
2019,"OHIO","39","","","SALES","CWT",315,"56.9"
2019,"OKLAHOMA","40","OPERATIONS WITH SALES","","","",4,"95.2"
2019,"OKLAHOMA","40","PRODUCTION","","","CWT",880,"(H)"
2019,"OKLAHOMA","40","SALES","","","$",NA,"(H)"
2019,"OKLAHOMA","40","SALES","","","CWT",880,"(H)"
2019,"OKLAHOMA","40","","","OPERATIONS WITH SALES","",4,"95.2"
2019,"OKLAHOMA","40","","","SALES","$",NA,"(H)"
2019,"OKLAHOMA","40","","","SALES","CWT",880,"(H)"
2019,"OREGON","41","OPERATIONS WITH SALES","","","",21,"42.5"
2019,"OREGON","41","PRODUCTION","","","CWT",NA,"(H)"
2019,"OREGON","41","SALES","","","$",NA,"(H)"
2019,"OREGON","41","SALES","","","CWT",NA,"(H)"
2019,"OREGON","41","","","OPERATIONS WITH SALES","",19,"39.8"
2019,"OREGON","41","","","SALES","$",NA,"59.6"
2019,"OREGON","41","","","SALES","CWT",NA,"38.9"
2019,"OREGON","41","","OPERATIONS WITH SALES","","",3,"(H)"
2019,"OREGON","41","","SALES","","$",NA,"(H)"
2019,"OREGON","41","","SALES","","CWT",NA,"(H)"
2019,"PENNSYLVANIA","42","OPERATIONS WITH SALES","","","",16,"49.0"
2019,"PENNSYLVANIA","42","PRODUCTION","","","CWT",341,"38.4"
2019,"PENNSYLVANIA","42","SALES","","","$",NA,"35.1"
2019,"PENNSYLVANIA","42","SALES","","","CWT",341,"38.4"
2019,"PENNSYLVANIA","42","","","OPERATIONS WITH SALES","",16,"49.0"
2019,"PENNSYLVANIA","42","","","SALES","$",NA,"35.1"
2019,"PENNSYLVANIA","42","","","SALES","CWT",341,"38.4"
2019,"RHODE ISLAND","44","OPERATIONS WITH SALES","","","",2,"15.7"
2019,"RHODE ISLAND","44","PRODUCTION","","","CWT",NA,"(D)"
2019,"RHODE ISLAND","44","SALES","","","$",NA,"(D)"
2019,"RHODE ISLAND","44","SALES","","","CWT",NA,"(D)"
2019,"RHODE ISLAND","44","","","OPERATIONS WITH SALES","",2,"15.7"
2019,"RHODE ISLAND","44","","","SALES","$",NA,"(D)"
2019,"RHODE ISLAND","44","","","SALES","CWT",NA,"(D)"
2019,"SOUTH CAROLINA","45","OPERATIONS WITH SALES","","","",8,"30.4"
2019,"SOUTH CAROLINA","45","PRODUCTION","","","CWT",332,"76.3"
2019,"SOUTH CAROLINA","45","SALES","","","$",NA,"83.4"
2019,"SOUTH CAROLINA","45","SALES","","","CWT",332,"76.3"
2019,"SOUTH CAROLINA","45","","","OPERATIONS WITH SALES","",8,"30.4"
2019,"SOUTH CAROLINA","45","","","SALES","$",NA,"83.4"
2019,"SOUTH CAROLINA","45","","","SALES","CWT",332,"76.3"
2019,"SOUTH DAKOTA","46","OPERATIONS WITH SALES","","","",1,"69.8"
2019,"SOUTH DAKOTA","46","PRODUCTION","","","CWT",NA,"(D)"
2019,"SOUTH DAKOTA","46","SALES","","","$",NA,"(D)"
2019,"SOUTH DAKOTA","46","SALES","","","CWT",NA,"(D)"
2019,"SOUTH DAKOTA","46","","","OPERATIONS WITH SALES","",1,"69.8"
2019,"SOUTH DAKOTA","46","","","SALES","$",NA,"(D)"
2019,"SOUTH DAKOTA","46","","","SALES","CWT",NA,"(D)"
2019,"TENNESSEE","47","OPERATIONS WITH SALES","","","",7,"43.9"
2019,"TENNESSEE","47","PRODUCTION","","","CWT",219,"94.1"
2019,"TENNESSEE","47","SALES","","","$",NA,"75.2"
2019,"TENNESSEE","47","SALES","","","CWT",219,"94.1"
2019,"TENNESSEE","47","","","OPERATIONS WITH SALES","",7,"43.9"
2019,"TENNESSEE","47","","","SALES","$",NA,"75.2"
2019,"TENNESSEE","47","","","SALES","CWT",219,"94.1"
2019,"VERMONT","50","OPERATIONS WITH SALES","","","",26,"23.2"
2019,"VERMONT","50","PRODUCTION","","","CWT",NA,"39.3"
2019,"VERMONT","50","SALES","","","$",NA,"34.0"
2019,"VERMONT","50","SALES","","","CWT",NA,"39.3"
2019,"VERMONT","50","","","OPERATIONS WITH SALES","",26,"23.2"
2019,"VERMONT","50","","","SALES","$",NA,"34.0"
2019,"VERMONT","50","","","SALES","CWT",NA,"39.3"
2019,"VIRGINIA","51","OPERATIONS WITH SALES","","","",1,"43.9"
2019,"VIRGINIA","51","PRODUCTION","","","CWT",NA,"(D)"
2019,"VIRGINIA","51","SALES","","","$",NA,"(D)"
2019,"VIRGINIA","51","SALES","","","CWT",NA,"(D)"
2019,"VIRGINIA","51","","","OPERATIONS WITH SALES","",1,"43.9"
2019,"VIRGINIA","51","","","SALES","$",NA,"(D)"
2019,"VIRGINIA","51","","","SALES","CWT",NA,"(D)"
2019,"WASHINGTON","53","OPERATIONS WITH SALES","","","",57,"40.1"
2019,"WASHINGTON","53","PRODUCTION","","","CWT",NA,"78.4"
2019,"WASHINGTON","53","SALES","","","$",NA,"67.2"
2019,"WASHINGTON","53","SALES","","","CWT",NA,"78.4"
2019,"WASHINGTON","53","","","OPERATIONS WITH SALES","",53,"40.5"
2019,"WASHINGTON","53","","","SALES","$",NA,"(D)"
2019,"WASHINGTON","53","","","SALES","CWT",NA,"79.4"
2019,"WASHINGTON","53","","OPERATIONS WITH SALES","","",6,"89.2"
2019,"WASHINGTON","53","","SALES","","$",NA,"(D)"
2019,"WASHINGTON","53","","SALES","","CWT",23,"80.9"
2019,"WEST VIRGINIA","54","OPERATIONS WITH SALES","","","",1,"43.9"
2019,"WEST VIRGINIA","54","PRODUCTION","","","CWT",NA,"(D)"
2019,"WEST VIRGINIA","54","SALES","","","$",NA,"(D)"
2019,"WEST VIRGINIA","54","SALES","","","CWT",NA,"(D)"
2019,"WEST VIRGINIA","54","","","OPERATIONS WITH SALES","",1,"43.9"
2019,"WEST VIRGINIA","54","","","SALES","$",NA,"(D)"
2019,"WEST VIRGINIA","54","","","SALES","CWT",NA,"(D)"
2019,"WISCONSIN","55","OPERATIONS WITH SALES","","","",22,"23.8"
2019,"WISCONSIN","55","PRODUCTION","","","CWT",135,"55.9"
2019,"WISCONSIN","55","SALES","","","$",NA,"42.1"
2019,"WISCONSIN","55","SALES","","","CWT",135,"55.9"
2019,"WISCONSIN","55","","","OPERATIONS WITH SALES","",22,"23.8"
2019,"WISCONSIN","55","","","SALES","$",NA,"42.1"
2019,"WISCONSIN","55","","","SALES","CWT",135,"55.9"
2016,"ARIZONA","04","OPERATIONS WITH SALES","","","",1,"35.1"
2016,"ARIZONA","04","PRODUCTION","","","CWT",NA,"(D)"
2016,"ARIZONA","04","SALES","","","$",NA,"(D)"
2016,"ARIZONA","04","SALES","","","CWT",NA,"(D)"
2016,"ARIZONA","04","","","OPERATIONS WITH SALES","",1,"35.1"
2016,"ARIZONA","04","","","SALES","$",NA,"(D)"
2016,"ARIZONA","04","","","SALES","CWT",NA,"(D)"
2016,"ARKANSAS","05","OPERATIONS WITH SALES","","","",1,"13"
2016,"ARKANSAS","05","PRODUCTION","","","CWT",NA,"(D)"
2016,"ARKANSAS","05","SALES","","","$",NA,"(D)"
2016,"ARKANSAS","05","SALES","","","CWT",NA,"(D)"
2016,"ARKANSAS","05","","OPERATIONS WITH SALES","","",1,"38.5"
2016,"ARKANSAS","05","","SALES","","$",NA,"(D)"
2016,"ARKANSAS","05","","SALES","","CWT",NA,"(D)"
2016,"CALIFORNIA","06","OPERATIONS WITH SALES","","","",189,"4.7"
2016,"CALIFORNIA","06","PRODUCTION","","","CWT",NA,"13.5"
2016,"CALIFORNIA","06","SALES","","","$",NA,"13.7"
2016,"CALIFORNIA","06","SALES","","","CWT",NA,"13.5"
2016,"CALIFORNIA","06","","","OPERATIONS WITH SALES","",184,"4.9"
2016,"CALIFORNIA","06","","","SALES","$",NA,"13.5"
2016,"CALIFORNIA","06","","","SALES","CWT",NA,"12.9"
2016,"CALIFORNIA","06","","OPERATIONS WITH SALES","","",48,"4.4"
2016,"CALIFORNIA","06","","SALES","","$",NA,"19.7"
2016,"CALIFORNIA","06","","SALES","","CWT",NA,"21"
2016,"COLORADO","08","OPERATIONS WITH SALES","","","",3,"22.8"
2016,"COLORADO","08","PRODUCTION","","","CWT",12,"35.7"
2016,"COLORADO","08","SALES","","","$",NA,"(D)"
2016,"COLORADO","08","SALES","","","CWT",12,"35.7"
2016,"COLORADO","08","","","OPERATIONS WITH SALES","",3,"22.8"
2016,"COLORADO","08","","","SALES","$",NA,"(D)"
2016,"COLORADO","08","","","SALES","CWT",12,"35.7"
2016,"CONNECTICUT","09","OPERATIONS WITH SALES","","","",9,"8.7"
2016,"CONNECTICUT","09","PRODUCTION","","","CWT",206,"12.4"
2016,"CONNECTICUT","09","SALES","","","$",NA,"10.9"
2016,"CONNECTICUT","09","SALES","","","CWT",206,"12.4"
2016,"CONNECTICUT","09","","","OPERATIONS WITH SALES","",9,"8.7"
2016,"CONNECTICUT","09","","","SALES","$",NA,"10.9"
2016,"CONNECTICUT","09","","","SALES","CWT",206,"12.3"
2016,"FLORIDA","12","OPERATIONS WITH SALES","","","",9,"13"
2016,"FLORIDA","12","PRODUCTION","","","CWT",NA,"23"
2016,"FLORIDA","12","SALES","","","$",NA,"21.9"
2016,"FLORIDA","12","SALES","","","CWT",NA,"23.1"
2016,"FLORIDA","12","","","OPERATIONS WITH SALES","",9,"14"
2016,"FLORIDA","12","","","SALES","$",NA,"(D)"
2016,"FLORIDA","12","","","SALES","CWT",NA,"(D)"
2016,"FLORIDA","12","","OPERATIONS WITH SALES","","",2,"38.5"
2016,"FLORIDA","12","","SALES","","$",NA,"(D)"
2016,"FLORIDA","12","","SALES","","CWT",NA,"(D)"
2016,"GEORGIA","13","OPERATIONS WITH SALES","","","",10,"13"
2016,"GEORGIA","13","PRODUCTION","","","CWT",279,"23"
2016,"GEORGIA","13","SALES","","","$",NA,"(D)"
2016,"GEORGIA","13","SALES","","","CWT",279,"23.1"
2016,"GEORGIA","13","","","OPERATIONS WITH SALES","",10,"14"
2016,"GEORGIA","13","","","SALES","$",NA,"(D)"
2016,"GEORGIA","13","","","SALES","CWT",279,"23.1"
2016,"IDAHO","16","OPERATIONS WITH SALES","","","",5,"9.2"
2016,"IDAHO","16","PRODUCTION","","","CWT",267,"24.7"
2016,"IDAHO","16","SALES","","","$",NA,"25.4"
2016,"IDAHO","16","SALES","","","CWT",267,"24.7"
2016,"IDAHO","16","","","OPERATIONS WITH SALES","",5,"9"
2016,"IDAHO","16","","","SALES","$",NA,"18.1"
2016,"IDAHO","16","","","SALES","CWT",267,"12.2"
2016,"ILLINOIS","17","OPERATIONS WITH SALES","","","",2,"28.7"
2016,"ILLINOIS","17","PRODUCTION","","","CWT",NA,"(D)"
2016,"ILLINOIS","17","SALES","","","$",NA,"(D)"
2016,"ILLINOIS","17","SALES","","","CWT",NA,"(D)"
2016,"ILLINOIS","17","","","OPERATIONS WITH SALES","",2,"28.7"
2016,"ILLINOIS","17","","","SALES","$",NA,"(D)"
2016,"ILLINOIS","17","","","SALES","CWT",NA,"(D)"
2016,"INDIANA","18","OPERATIONS WITH SALES","","","",2,"28.7"
2016,"INDIANA","18","PRODUCTION","","","CWT",NA,"(D)"
2016,"INDIANA","18","SALES","","","$",NA,"(D)"
2016,"INDIANA","18","SALES","","","CWT",NA,"(D)"
2016,"INDIANA","18","","","OPERATIONS WITH SALES","",2,"28.7"
2016,"INDIANA","18","","","SALES","$",NA,"(D)"
2016,"INDIANA","18","","","SALES","CWT",NA,"(D)"
2016,"INDIANA","18","","OPERATIONS WITH SALES","","",2,"34.4"
2016,"INDIANA","18","","SALES","","$",NA,"(D)"
2016,"INDIANA","18","","SALES","","CWT",NA,"(D)"
2016,"IOWA","19","OPERATIONS WITH SALES","","","",9,"18.1"
2016,"IOWA","19","PRODUCTION","","","CWT",161,"27.8"
2016,"IOWA","19","SALES","","","$",NA,"27.2"
2016,"IOWA","19","SALES","","","CWT",161,"27.8"
2016,"IOWA","19","","","OPERATIONS WITH SALES","",9,"18.1"
2016,"IOWA","19","","","SALES","$",NA,"27.2"
2016,"IOWA","19","","","SALES","CWT",161,"27.8"
2016,"KENTUCKY","21","OPERATIONS WITH SALES","","","",6,"13.6"
2016,"KENTUCKY","21","PRODUCTION","","","CWT",60,"25"
2016,"KENTUCKY","21","SALES","","","$",NA,"(D)"
2016,"KENTUCKY","21","SALES","","","CWT",60,"25"
2016,"KENTUCKY","21","","","OPERATIONS WITH SALES","",6,"13.6"
2016,"KENTUCKY","21","","","SALES","$",NA,"(D)"
2016,"KENTUCKY","21","","","SALES","CWT",NA,"(D)"
2016,"KENTUCKY","21","","OPERATIONS WITH SALES","","",2,"44.3"
2016,"KENTUCKY","21","","SALES","","$",NA,"(D)"
2016,"KENTUCKY","21","","SALES","","CWT",NA,"(D)"
2016,"LOUISIANA","22","OPERATIONS WITH SALES","","","",2,"13"
2016,"LOUISIANA","22","PRODUCTION","","","CWT",NA,"(D)"
2016,"LOUISIANA","22","SALES","","","$",NA,"(D)"
2016,"LOUISIANA","22","SALES","","","CWT",NA,"(D)"
2016,"LOUISIANA","22","","","OPERATIONS WITH SALES","",2,"14"
2016,"LOUISIANA","22","","","SALES","$",NA,"(D)"
2016,"LOUISIANA","22","","","SALES","CWT",NA,"(D)"
2016,"MAINE","23","OPERATIONS WITH SALES","","","",28,"8.7"
2016,"MAINE","23","PRODUCTION","","","CWT",402,"12.4"
2016,"MAINE","23","SALES","","","$",NA,"10.9"
2016,"MAINE","23","SALES","","","CWT",402,"12.4"
2016,"MAINE","23","","","OPERATIONS WITH SALES","",28,"8.7"
2016,"MAINE","23","","","SALES","$",NA,"(D)"
2016,"MAINE","23","","","SALES","CWT",NA,"(D)"
2016,"MAINE","23","","OPERATIONS WITH SALES","","",1,"(H)"
2016,"MAINE","23","","SALES","","$",NA,"(D)"
2016,"MAINE","23","","SALES","","CWT",NA,"(D)"
2016,"MARYLAND","24","OPERATIONS WITH SALES","","","",10,"8.7"
2016,"MARYLAND","24","PRODUCTION","","","CWT",56,"12.4"
2016,"MARYLAND","24","SALES","","","$",NA,"10.9"
2016,"MARYLAND","24","SALES","","","CWT",56,"12.4"
2016,"MARYLAND","24","","","OPERATIONS WITH SALES","",10,"8.7"
2016,"MARYLAND","24","","","SALES","$",NA,"10.9"
2016,"MARYLAND","24","","","SALES","CWT",56,"12.3"
2016,"MASSACHUSETTS","25","OPERATIONS WITH SALES","","","",14,"8.7"
2016,"MASSACHUSETTS","25","PRODUCTION","","","CWT",715,"12.4"
2016,"MASSACHUSETTS","25","SALES","","","$",NA,"10.9"
2016,"MASSACHUSETTS","25","SALES","","","CWT",715,"12.4"
2016,"MASSACHUSETTS","25","","","OPERATIONS WITH SALES","",14,"8.7"
2016,"MASSACHUSETTS","25","","","SALES","$",NA,"10.9"
2016,"MASSACHUSETTS","25","","","SALES","CWT",715,"12.3"
2016,"MICHIGAN","26","OPERATIONS WITH SALES","","","",11,"28.7"
2016,"MICHIGAN","26","PRODUCTION","","","CWT",427,"30.5"
2016,"MICHIGAN","26","SALES","","","$",NA,"29"
2016,"MICHIGAN","26","SALES","","","CWT",427,"30.5"
2016,"MICHIGAN","26","","","OPERATIONS WITH SALES","",11,"28.7"
2016,"MICHIGAN","26","","","SALES","$",NA,"(D)"
2016,"MICHIGAN","26","","","SALES","CWT",NA,"(D)"
2016,"MICHIGAN","26","","OPERATIONS WITH SALES","","",2,"34.4"
2016,"MICHIGAN","26","","SALES","","$",NA,"(D)"
2016,"MICHIGAN","26","","SALES","","CWT",NA,"(D)"
2016,"MINNESOTA","27","OPERATIONS WITH SALES","","","",11,"30.4"
2016,"MINNESOTA","27","PRODUCTION","","","CWT",254,"35.2"
2016,"MINNESOTA","27","SALES","","","$",NA,"33.7"
2016,"MINNESOTA","27","SALES","","","CWT",253,"35.2"
2016,"MINNESOTA","27","","","OPERATIONS WITH SALES","",11,"30.4"
2016,"MINNESOTA","27","","","SALES","$",NA,"33.7"
2016,"MINNESOTA","27","","","SALES","CWT",253,"35.2"
2016,"MISSOURI","29","OPERATIONS WITH SALES","","","",2,"28.7"
2016,"MISSOURI","29","PRODUCTION","","","CWT",NA,"(D)"
2016,"MISSOURI","29","SALES","","","$",NA,"(D)"
2016,"MISSOURI","29","SALES","","","CWT",NA,"(D)"
2016,"MISSOURI","29","","","OPERATIONS WITH SALES","",2,"28.7"
2016,"MISSOURI","29","","","SALES","$",NA,"(D)"
2016,"MISSOURI","29","","","SALES","CWT",NA,"(D)"
2016,"MONTANA","30","OPERATIONS WITH SALES","","","",3,"22.8"
2016,"MONTANA","30","PRODUCTION","","","CWT",3,"35.7"
2016,"MONTANA","30","SALES","","","$",780,"38.4"
2016,"MONTANA","30","SALES","","","CWT",3,"35.7"
2016,"MONTANA","30","","","OPERATIONS WITH SALES","",3,"22.8"
2016,"MONTANA","30","","","SALES","$",780,"38.4"
2016,"MONTANA","30","","","SALES","CWT",3,"35.7"
2016,"NEW HAMPSHIRE","33","OPERATIONS WITH SALES","","","",3,"8.7"
2016,"NEW HAMPSHIRE","33","PRODUCTION","","","CWT",15,"12.4"
2016,"NEW HAMPSHIRE","33","SALES","","","$",NA,"(D)"
2016,"NEW HAMPSHIRE","33","SALES","","","CWT",15,"12.4"
2016,"NEW HAMPSHIRE","33","","","OPERATIONS WITH SALES","",3,"8.7"
2016,"NEW HAMPSHIRE","33","","","SALES","$",NA,"(D)"
2016,"NEW HAMPSHIRE","33","","","SALES","CWT",15,"12.3"
2016,"NEW JERSEY","34","OPERATIONS WITH SALES","","","",11,"8.7"
2016,"NEW JERSEY","34","PRODUCTION","","","CWT",111,"12.4"
2016,"NEW JERSEY","34","SALES","","","$",NA,"10.9"
2016,"NEW JERSEY","34","SALES","","","CWT",111,"12.4"
2016,"NEW JERSEY","34","","","OPERATIONS WITH SALES","",11,"8.7"
2016,"NEW JERSEY","34","","","SALES","$",NA,"10.9"
2016,"NEW JERSEY","34","","","SALES","CWT",111,"12.3"
2016,"NEW YORK","36","OPERATIONS WITH SALES","","","",32,"11.9"
2016,"NEW YORK","36","PRODUCTION","","","CWT",NA,"19.6"
2016,"NEW YORK","36","SALES","","","$",NA,"22.7"
2016,"NEW YORK","36","SALES","","","CWT",NA,"19.6"
2016,"NEW YORK","36","","","OPERATIONS WITH SALES","",32,"11.9"
2016,"NEW YORK","36","","","SALES","$",NA,"(D)"
2016,"NEW YORK","36","","","SALES","CWT",NA,"(D)"
2016,"NEW YORK","36","","OPERATIONS WITH SALES","","",1,"(H)"
2016,"NEW YORK","36","","SALES","","$",NA,"(D)"
2016,"NEW YORK","36","","SALES","","CWT",NA,"(D)"
2016,"NORTH CAROLINA","37","OPERATIONS WITH SALES","","","",10,"13.6"
2016,"NORTH CAROLINA","37","PRODUCTION","","","CWT",NA,"25"
2016,"NORTH CAROLINA","37","SALES","","","$",NA,"23.1"
2016,"NORTH CAROLINA","37","SALES","","","CWT",NA,"25"
2016,"NORTH CAROLINA","37","","","OPERATIONS WITH SALES","",10,"13.6"
2016,"NORTH CAROLINA","37","","","SALES","$",NA,"23.2"
2016,"NORTH CAROLINA","37","","","SALES","CWT",NA,"25.1"
2016,"NORTH DAKOTA","38","OPERATIONS WITH SALES","","","",2,"32.9"
2016,"NORTH DAKOTA","38","PRODUCTION","","","CWT",NA,"(D)"
2016,"NORTH DAKOTA","38","SALES","","","$",NA,"(D)"
2016,"NORTH DAKOTA","38","SALES","","","CWT",NA,"(D)"
2016,"NORTH DAKOTA","38","","","OPERATIONS WITH SALES","",2,"32.9"
2016,"NORTH DAKOTA","38","","","SALES","$",NA,"(D)"
2016,"NORTH DAKOTA","38","","","SALES","CWT",NA,"(D)"
2016,"NORTH DAKOTA","38","","OPERATIONS WITH SALES","","",2,"64.2"
2016,"NORTH DAKOTA","38","","SALES","","$",NA,"(D)"
2016,"NORTH DAKOTA","38","","SALES","","CWT",NA,"(D)"
2016,"OHIO","39","OPERATIONS WITH SALES","","","",17,"15.6"
2016,"OHIO","39","PRODUCTION","","","CWT",534,"23.2"
2016,"OHIO","39","SALES","","","$",NA,"24.5"
2016,"OHIO","39","SALES","","","CWT",534,"23.2"
2016,"OHIO","39","","","OPERATIONS WITH SALES","",17,"15.6"
2016,"OHIO","39","","","SALES","$",NA,"24.5"
2016,"OHIO","39","","","SALES","CWT",534,"23.2"
2016,"OKLAHOMA","40","OPERATIONS WITH SALES","","","",2,"24.2"
2016,"OKLAHOMA","40","PRODUCTION","","","CWT",NA,"(D)"
2016,"OKLAHOMA","40","SALES","","","$",NA,"(D)"
2016,"OKLAHOMA","40","SALES","","","CWT",NA,"(D)"
2016,"OKLAHOMA","40","","","OPERATIONS WITH SALES","",2,"24.2"
2016,"OKLAHOMA","40","","","SALES","$",NA,"(D)"
2016,"OKLAHOMA","40","","","SALES","CWT",NA,"(D)"
2016,"OREGON","41","OPERATIONS WITH SALES","","","",25,"9.2"
2016,"OREGON","41","PRODUCTION","","","CWT",NA,"24.7"
2016,"OREGON","41","SALES","","","$",NA,"25.4"
2016,"OREGON","41","SALES","","","CWT",NA,"24.7"
2016,"OREGON","41","","","OPERATIONS WITH SALES","",23,"9"
2016,"OREGON","41","","","SALES","$",NA,"(D)"
2016,"OREGON","41","","","SALES","CWT",NA,"12.2"
2016,"OREGON","41","","OPERATIONS WITH SALES","","",6,"33.5"
2016,"OREGON","41","","SALES","","$",NA,"(D)"
2016,"OREGON","41","","SALES","","CWT",NA,"39.3"
2016,"PENNSYLVANIA","42","OPERATIONS WITH SALES","","","",13,"22.5"
2016,"PENNSYLVANIA","42","PRODUCTION","","","CWT",285,"21.9"
2016,"PENNSYLVANIA","42","SALES","","","$",NA,"22.6"
2016,"PENNSYLVANIA","42","SALES","","","CWT",285,"21.9"
2016,"PENNSYLVANIA","42","","","OPERATIONS WITH SALES","",13,"22.5"
2016,"PENNSYLVANIA","42","","","SALES","$",NA,"22.6"
2016,"PENNSYLVANIA","42","","","SALES","CWT",285,"21.9"
2016,"RHODE ISLAND","44","OPERATIONS WITH SALES","","","",13,"8.7"
2016,"RHODE ISLAND","44","PRODUCTION","","","CWT",138,"12.4"
2016,"RHODE ISLAND","44","SALES","","","$",NA,"10.9"
2016,"RHODE ISLAND","44","SALES","","","CWT",138,"12.4"
2016,"RHODE ISLAND","44","","","OPERATIONS WITH SALES","",13,"8.7"
2016,"RHODE ISLAND","44","","","SALES","$",NA,"10.9"
2016,"RHODE ISLAND","44","","","SALES","CWT",138,"12.3"
2016,"SOUTH CAROLINA","45","OPERATIONS WITH SALES","","","",6,"13"
2016,"SOUTH CAROLINA","45","PRODUCTION","","","CWT",159,"23"
2016,"SOUTH CAROLINA","45","SALES","","","$",NA,"(D)"
2016,"SOUTH CAROLINA","45","SALES","","","CWT",159,"23.1"
2016,"SOUTH CAROLINA","45","","","OPERATIONS WITH SALES","",6,"14"
2016,"SOUTH CAROLINA","45","","","SALES","$",NA,"(D)"
2016,"SOUTH CAROLINA","45","","","SALES","CWT",159,"23.1"
2016,"SOUTH DAKOTA","46","OPERATIONS WITH SALES","","","",4,"32.9"
2016,"SOUTH DAKOTA","46","PRODUCTION","","","CWT",42,"32.4"
2016,"SOUTH DAKOTA","46","SALES","","","$",NA,"(D)"
2016,"SOUTH DAKOTA","46","SALES","","","CWT",42,"32.4"
2016,"SOUTH DAKOTA","46","","","OPERATIONS WITH SALES","",4,"32.9"
2016,"SOUTH DAKOTA","46","","","SALES","$",NA,"(D)"
2016,"SOUTH DAKOTA","46","","","SALES","CWT",42,"32.9"
2016,"TENNESSEE","47","OPERATIONS WITH SALES","","","",7,"13.6"
2016,"TENNESSEE","47","PRODUCTION","","","CWT",374,"25"
2016,"TENNESSEE","47","SALES","","","$",NA,"23.1"
2016,"TENNESSEE","47","SALES","","","CWT",374,"25"
2016,"TENNESSEE","47","","","OPERATIONS WITH SALES","",7,"13.6"
2016,"TENNESSEE","47","","","SALES","$",NA,"(D)"
2016,"TENNESSEE","47","","","SALES","CWT",NA,"(D)"
2016,"TENNESSEE","47","","OPERATIONS WITH SALES","","",1,"44.3"
2016,"TENNESSEE","47","","SALES","","$",NA,"(D)"
2016,"TENNESSEE","47","","SALES","","CWT",NA,"(D)"
2016,"TEXAS","48","OPERATIONS WITH SALES","","","",5,"24.2"
2016,"TEXAS","48","PRODUCTION","","","CWT",29,"27"
2016,"TEXAS","48","SALES","","","$",NA,"(D)"
2016,"TEXAS","48","SALES","","","CWT",29,"27"
2016,"TEXAS","48","","","OPERATIONS WITH SALES","",5,"24.2"
2016,"TEXAS","48","","","SALES","$",NA,"(D)"
2016,"TEXAS","48","","","SALES","CWT",29,"27"
2016,"UTAH","49","OPERATIONS WITH SALES","","","",2,"22.8"
2016,"UTAH","49","PRODUCTION","","","CWT",NA,"(D)"
2016,"UTAH","49","SALES","","","$",NA,"(D)"
2016,"UTAH","49","SALES","","","CWT",NA,"(D)"
2016,"UTAH","49","","","OPERATIONS WITH SALES","",2,"22.8"
2016,"UTAH","49","","","SALES","$",NA,"(D)"
2016,"UTAH","49","","","SALES","CWT",NA,"(D)"
2016,"VERMONT","50","OPERATIONS WITH SALES","","","",36,"10.8"
2016,"VERMONT","50","PRODUCTION","","","CWT",NA,"21.7"
2016,"VERMONT","50","SALES","","","$",NA,"20.7"
2016,"VERMONT","50","SALES","","","CWT",NA,"21.7"
2016,"VERMONT","50","","","OPERATIONS WITH SALES","",36,"10.8"
2016,"VERMONT","50","","","SALES","$",NA,"20.7"
2016,"VERMONT","50","","","SALES","CWT",NA,"21.7"
2016,"VIRGINIA","51","OPERATIONS WITH SALES","","","",5,"13.6"
2016,"VIRGINIA","51","PRODUCTION","","","CWT",49,"25"
2016,"VIRGINIA","51","SALES","","","$",NA,"23.1"
2016,"VIRGINIA","51","SALES","","","CWT",49,"25"
2016,"VIRGINIA","51","","","OPERATIONS WITH SALES","",5,"13.6"
2016,"VIRGINIA","51","","","SALES","$",NA,"23.2"
2016,"VIRGINIA","51","","","SALES","CWT",49,"25.1"
2016,"WASHINGTON","53","OPERATIONS WITH SALES","","","",52,"5.3"
2016,"WASHINGTON","53","PRODUCTION","","","CWT",NA,"23.4"
2016,"WASHINGTON","53","SALES","","","$",NA,"22.3"
2016,"WASHINGTON","53","SALES","","","CWT",NA,"23.4"
2016,"WASHINGTON","53","","","OPERATIONS WITH SALES","",52,"5.3"
2016,"WASHINGTON","53","","","SALES","$",NA,"(D)"
2016,"WASHINGTON","53","","","SALES","CWT",NA,"24.2"
2016,"WASHINGTON","53","","OPERATIONS WITH SALES","","",6,"21.2"
2016,"WASHINGTON","53","","SALES","","$",NA,"(D)"
2016,"WASHINGTON","53","","SALES","","CWT",335,"49.5"
2016,"WISCONSIN","55","OPERATIONS WITH SALES","","","",39,"10.8"
2016,"WISCONSIN","55","PRODUCTION","","","CWT",442,"8.4"
2016,"WISCONSIN","55","SALES","","","$",NA,"11.7"
2016,"WISCONSIN","55","SALES","","","CWT",442,"8.5"
2016,"WISCONSIN","55","","","OPERATIONS WITH SALES","",39,"10.8"
2016,"WISCONSIN","55","","","SALES","$",NA,"11.7"
2016,"WISCONSIN","55","","","SALES","CWT",442,"8.5"
